{
  "NEGATIVE": {
    "precision": 0.8428835489833642,
    "recall": 0.8923679060665362,
    "f1-score": 0.8669201520912547,
    "support": 511.0
  },
  "POSITIVE": {
    "precision": 0.8801742919389978,
    "recall": 0.8261758691206544,
    "f1-score": 0.8523206751054853,
    "support": 489.0
  },
  "accuracy": 0.86,
  "macro avg": {
    "precision": 0.8615289204611809,
    "recall": 0.8592718875935953,
    "f1-score": 0.85962041359837,
    "support": 1000.0
  },
  "weighted avg": {
    "precision": 0.861118722288669,
    "recall": 0.86,
    "f1-score": 0.8597810078452135,
    "support": 1000.0
  },
  "average_inference_time": 0.06427488565444946,
  "total_evaluation_time": 64.28396940231323,
  "method": "threshold_hybrid_model_with_rag",
  "rag_n_results": 3,
  "confidence_threshold": 0.99,
  "rag_usage_count": 232,
  "rag_usage_percentage": 23.200000000000003
}